,episode,make_span,reward,min_make_span
0,0.0,1496.0,-43.212121212121225,1496.0
1,0.0,1510.0,-44.62626262626263,1496.0
2,0.0,1449.0,-38.464646464646485,1449.0
3,0.0,1429.0,-36.44444444444446,1429.0
4,0.0,1459.0,-39.47474747474749,1429.0
5,0.0,1533.0,-46.94949494949496,1429.0
6,0.0,1428.0,-36.34343434343435,1428.0
7,0.0,1516.0,-45.23232323232323,1428.0
8,0.0,1439.0,-37.454545454545446,1428.0
9,1.0,1480.0,-41.59595959595961,1428.0
10,1.0,1468.0,-40.38383838383838,1428.0
11,1.0,1440.0,-37.55555555555556,1428.0
12,1.0,1458.0,-39.37373737373738,1428.0
13,1.0,1409.0,-34.42424242424244,1409.0
14,1.0,1419.0,-35.43434343434344,1409.0
15,1.0,1382.0,-31.696969696969695,1382.0
16,1.0,1457.0,-39.27272727272728,1382.0
17,1.0,1441.0,-37.656565656565675,1382.0
18,2.0,1444.0,-37.95959595959597,1382.0
19,2.0,1563.0,-49.97979797979799,1382.0
20,2.0,1442.0,-37.757575757575765,1382.0
21,2.0,1505.0,-44.121212121212146,1382.0
22,2.0,1475.0,-41.09090909090909,1382.0
23,2.0,1388.0,-32.30303030303031,1382.0
24,2.0,1353.0,-28.767676767676768,1353.0
25,2.0,1421.0,-35.63636363636363,1353.0
26,2.0,1511.0,-44.727272727272734,1353.0
27,3.0,1431.0,-36.64646464646467,1353.0
28,3.0,1433.0,-36.84848484848485,1353.0
29,3.0,1448.0,-38.36363636363637,1353.0
30,3.0,1451.0,-38.66666666666668,1353.0
31,3.0,1439.0,-37.45454545454547,1353.0
32,3.0,1431.0,-36.64646464646464,1353.0
33,3.0,1524.0,-46.040404040404034,1353.0
34,3.0,1406.0,-34.121212121212125,1353.0
35,3.0,1434.0,-36.94949494949498,1353.0
36,4.0,1423.0,-35.83838383838385,1353.0
37,4.0,1374.0,-30.8888888888889,1353.0
38,4.0,1487.0,-42.30303030303033,1353.0
39,4.0,1476.0,-41.19191919191921,1353.0
40,4.0,1439.0,-37.454545454545475,1353.0
41,4.0,1447.0,-38.26262626262628,1353.0
42,4.0,1370.0,-30.484848484848484,1353.0
43,4.0,1467.0,-40.282828282828305,1353.0
44,4.0,1468.0,-40.383838383838395,1353.0
45,5.0,1532.0,-46.84848484848486,1353.0
46,5.0,1399.0,-33.41414141414142,1353.0
47,5.0,1449.0,-38.46464646464648,1353.0
48,5.0,1524.0,-46.04040404040404,1353.0
49,5.0,1490.0,-42.60606060606061,1353.0
50,5.0,1471.0,-40.68686868686869,1353.0
51,5.0,1580.0,-51.696969696969695,1353.0
52,5.0,1454.0,-38.96969696969697,1353.0
53,5.0,1428.0,-36.34343434343435,1353.0
54,6.0,1393.0,-32.80808080808082,1353.0
55,6.0,1534.0,-47.05050505050505,1353.0
56,6.0,1495.0,-43.11111111111112,1353.0
57,6.0,1456.0,-39.17171717171717,1353.0
58,6.0,1531.0,-46.747474747474755,1353.0
59,6.0,1494.0,-43.01010101010102,1353.0
60,6.0,1451.0,-38.66666666666668,1353.0
61,6.0,1411.0,-34.62626262626263,1353.0
62,6.0,1401.0,-33.61616161616162,1353.0
63,7.0,1388.0,-32.30303030303031,1353.0
64,7.0,1429.0,-36.44444444444447,1353.0
65,7.0,1399.0,-33.41414141414142,1353.0
66,7.0,1505.0,-44.1212121212121,1353.0
67,7.0,1457.0,-39.27272727272728,1353.0
68,7.0,1419.0,-35.43434343434343,1353.0
69,7.0,1492.0,-42.80808080808081,1353.0
70,7.0,1446.0,-38.16161616161615,1353.0
71,7.0,1516.0,-45.23232323232324,1353.0
72,8.0,1476.0,-41.1919191919192,1353.0
73,8.0,1514.0,-45.030303030303024,1353.0
74,8.0,1454.0,-38.969696969696976,1353.0
75,8.0,1445.0,-38.06060606060606,1353.0
76,8.0,1386.0,-32.10101010101011,1353.0
77,8.0,1440.0,-37.555555555555564,1353.0
78,8.0,1498.0,-43.41414141414142,1353.0
79,8.0,1411.0,-34.62626262626262,1353.0
80,8.0,1455.0,-39.070707070707066,1353.0
81,9.0,1480.0,-41.59595959595958,1353.0
82,9.0,1418.0,-35.33333333333334,1353.0
83,9.0,1410.0,-34.52525252525253,1353.0
84,9.0,1468.0,-40.3838383838384,1353.0
85,9.0,1525.0,-46.14141414141415,1353.0
86,9.0,1399.0,-33.414141414141426,1353.0
87,9.0,1411.0,-34.626262626262644,1353.0
88,9.0,1460.0,-39.575757575757585,1353.0
89,9.0,1398.0,-33.31313131313133,1353.0
90,10.0,1529.0,-46.545454545454554,1353.0
91,10.0,1448.0,-38.36363636363637,1353.0
92,10.0,1455.0,-39.070707070707094,1353.0
93,10.0,1444.0,-37.95959595959597,1353.0
94,10.0,1436.0,-37.151515151515135,1353.0
95,10.0,1426.0,-36.14141414141414,1353.0
96,10.0,1464.0,-39.97979797979799,1353.0
97,10.0,1422.0,-35.737373737373744,1353.0
98,10.0,1443.0,-37.85858585858587,1353.0
99,11.0,1438.0,-37.353535353535364,1353.0
100,11.0,1479.0,-41.4949494949495,1353.0
101,11.0,1403.0,-33.81818181818183,1353.0
102,11.0,1389.0,-32.404040404040416,1353.0
103,11.0,1480.0,-41.59595959595961,1353.0
104,11.0,1471.0,-40.686868686868685,1353.0
105,11.0,1454.0,-38.969696969696976,1353.0
106,11.0,1462.0,-39.777777777777786,1353.0
107,11.0,1463.0,-39.87878787878788,1353.0
108,12.0,1575.0,-51.1919191919192,1353.0
109,12.0,1477.0,-41.29292929292931,1353.0
110,12.0,1457.0,-39.27272727272727,1353.0
111,12.0,1409.0,-34.424242424242436,1353.0
112,12.0,1456.0,-39.171717171717184,1353.0
113,12.0,1554.0,-49.07070707070708,1353.0
114,12.0,1372.0,-30.686868686868692,1353.0
115,12.0,1379.0,-31.393939393939394,1353.0
116,12.0,1442.0,-37.757575757575765,1353.0
117,13.0,1488.0,-42.40404040404042,1353.0
118,13.0,1507.0,-44.323232323232325,1353.0
119,13.0,1416.0,-35.131313131313135,1353.0
120,13.0,1474.0,-40.989898989899,1353.0
121,13.0,1502.0,-43.81818181818183,1353.0
122,13.0,1495.0,-43.11111111111111,1353.0
123,13.0,1484.0,-42.00000000000001,1353.0
124,13.0,1574.0,-51.09090909090909,1353.0
125,13.0,1444.0,-37.95959595959596,1353.0
126,14.0,1459.0,-39.47474747474749,1353.0
127,14.0,1457.0,-39.27272727272728,1353.0
128,14.0,1457.0,-39.27272727272727,1353.0
129,14.0,1452.0,-38.76767676767677,1353.0
130,14.0,1458.0,-39.373737373737384,1353.0
131,14.0,1468.0,-40.383838383838395,1353.0
132,14.0,1498.0,-43.414141414141426,1353.0
133,14.0,1471.0,-40.686868686868706,1353.0
134,14.0,1460.0,-39.57575757575757,1353.0
135,15.0,1410.0,-34.52525252525253,1353.0
136,15.0,1536.0,-47.25252525252528,1353.0
137,15.0,1433.0,-36.848484848484865,1353.0
138,15.0,1482.0,-41.797979797979814,1353.0
139,15.0,1419.0,-35.43434343434345,1353.0
140,15.0,1482.0,-41.79797979797981,1353.0
141,15.0,1458.0,-39.37373737373739,1353.0
142,15.0,1444.0,-37.95959595959597,1353.0
143,15.0,1407.0,-34.22222222222223,1353.0
144,16.0,1479.0,-41.4949494949495,1353.0
145,16.0,1575.0,-51.191919191919204,1353.0
146,16.0,1402.0,-33.717171717171716,1353.0
147,16.0,1462.0,-39.77777777777779,1353.0
148,16.0,1401.0,-33.61616161616162,1353.0
149,16.0,1483.0,-41.8989898989899,1353.0
150,16.0,1468.0,-40.3838383838384,1353.0
151,16.0,1485.0,-42.10101010101012,1353.0
152,16.0,1450.0,-38.56565656565658,1353.0
153,17.0,1538.0,-47.45454545454545,1353.0
154,17.0,1455.0,-39.07070707070708,1353.0
155,17.0,1422.0,-35.73737373737374,1353.0
156,17.0,1484.0,-42.00000000000001,1353.0
157,17.0,1450.0,-38.56565656565657,1353.0
158,17.0,1465.0,-40.08080808080808,1353.0
159,17.0,1410.0,-34.52525252525254,1353.0
160,17.0,1400.0,-33.515151515151516,1353.0
161,17.0,1387.0,-32.2020202020202,1353.0
162,18.0,1429.0,-36.44444444444445,1353.0
163,18.0,1378.0,-31.292929292929305,1353.0
164,18.0,1451.0,-38.666666666666664,1353.0
165,18.0,1493.0,-42.90909090909092,1353.0
166,18.0,1453.0,-38.86868686868688,1353.0
167,18.0,1407.0,-34.22222222222223,1353.0
168,18.0,1458.0,-39.37373737373738,1353.0
169,18.0,1434.0,-36.94949494949497,1353.0
170,18.0,1334.0,-26.848484848484865,1334.0
171,19.0,1445.0,-38.06060606060607,1334.0
172,19.0,1496.0,-43.212121212121204,1334.0
173,19.0,1427.0,-36.24242424242425,1334.0
174,19.0,1445.0,-38.060606060606084,1334.0
175,19.0,1412.0,-34.72727272727272,1334.0
176,19.0,1382.0,-31.696969696969713,1334.0
177,19.0,1440.0,-37.555555555555564,1334.0
178,19.0,1395.0,-33.010101010101025,1334.0
179,19.0,1408.0,-34.32323232323233,1334.0
180,20.0,1415.0,-35.03030303030303,1334.0
181,20.0,1435.0,-37.05050505050507,1334.0
182,20.0,1433.0,-36.848484848484844,1334.0
183,20.0,1350.0,-28.46464646464647,1334.0
184,20.0,1466.0,-40.18181818181819,1334.0
185,20.0,1334.0,-26.848484848484855,1334.0
186,20.0,1408.0,-34.32323232323233,1334.0
187,20.0,1550.0,-48.66666666666667,1334.0
188,20.0,1526.0,-46.24242424242425,1334.0
189,21.0,1524.0,-46.040404040404034,1334.0
190,21.0,1369.0,-30.38383838383839,1334.0
191,21.0,1439.0,-37.45454545454546,1334.0
192,21.0,1443.0,-37.858585858585876,1334.0
193,21.0,1565.0,-50.181818181818194,1334.0
194,21.0,1410.0,-34.52525252525252,1334.0
195,21.0,1405.0,-34.02020202020204,1334.0
196,21.0,1435.0,-37.05050505050505,1334.0
197,21.0,1470.0,-40.5858585858586,1334.0
198,22.0,1464.0,-39.97979797979799,1334.0
199,22.0,1378.0,-31.292929292929305,1334.0
200,22.0,1444.0,-37.95959595959597,1334.0
201,22.0,1407.0,-34.22222222222222,1334.0
202,22.0,1502.0,-43.818181818181834,1334.0
203,22.0,1381.0,-31.59595959595959,1334.0
204,22.0,1452.0,-38.76767676767677,1334.0
205,22.0,1421.0,-35.63636363636365,1334.0
206,22.0,1407.0,-34.22222222222223,1334.0
207,23.0,1419.0,-35.43434343434344,1334.0
208,23.0,1436.0,-37.15151515151515,1334.0
209,23.0,1444.0,-37.95959595959597,1334.0
210,23.0,1412.0,-34.727272727272734,1334.0
211,23.0,1450.0,-38.565656565656575,1334.0
212,23.0,1477.0,-41.2929292929293,1334.0
213,23.0,1393.0,-32.80808080808082,1334.0
214,23.0,1370.0,-30.484848484848488,1334.0
215,23.0,1413.0,-34.82828282828282,1334.0
216,24.0,1394.0,-32.90909090909092,1334.0
217,24.0,1455.0,-39.07070707070707,1334.0
218,24.0,1345.0,-27.959595959595973,1334.0
219,24.0,1412.0,-34.72727272727274,1334.0
220,24.0,1468.0,-40.383838383838395,1334.0
221,24.0,1367.0,-30.181818181818194,1334.0
222,24.0,1494.0,-43.01010101010102,1334.0
223,24.0,1362.0,-29.67676767676769,1334.0
224,24.0,1560.0,-49.676767676767696,1334.0
225,25.0,1495.0,-43.111111111111114,1334.0
226,25.0,1416.0,-35.13131313131314,1334.0
227,25.0,1387.0,-32.2020202020202,1334.0
228,25.0,1463.0,-39.87878787878788,1334.0
229,25.0,1409.0,-34.424242424242436,1334.0
230,25.0,1538.0,-47.45454545454547,1334.0
231,25.0,1418.0,-35.33333333333334,1334.0
232,25.0,1414.0,-34.929292929292934,1334.0
233,25.0,1459.0,-39.47474747474748,1334.0
234,26.0,1431.0,-36.64646464646466,1334.0
235,26.0,1401.0,-33.61616161616161,1334.0
236,26.0,1404.0,-33.91919191919194,1334.0
237,26.0,1453.0,-38.868686868686865,1334.0
238,26.0,1386.0,-32.101010101010104,1334.0
239,26.0,1412.0,-34.72727272727275,1334.0
240,26.0,1426.0,-36.14141414141416,1334.0
241,26.0,1369.0,-30.38383838383839,1334.0
242,26.0,1413.0,-34.82828282828284,1334.0
243,27.0,1441.0,-37.65656565656566,1334.0
244,27.0,1450.0,-38.565656565656575,1334.0
245,27.0,1471.0,-40.686868686868706,1334.0
246,27.0,1365.0,-29.979797979797983,1334.0
247,27.0,1367.0,-30.181818181818194,1334.0
248,27.0,1350.0,-28.464646464646467,1334.0
249,27.0,1432.0,-36.747474747474755,1334.0
250,27.0,1437.0,-37.25252525252527,1334.0
251,27.0,1466.0,-40.18181818181818,1334.0
252,28.0,1464.0,-39.97979797979799,1334.0
253,28.0,1314.0,-24.82828282828284,1314.0
254,28.0,1373.0,-30.787878787878793,1314.0
255,28.0,1549.0,-48.56565656565657,1314.0
256,28.0,1433.0,-36.848484848484865,1314.0
257,28.0,1481.0,-41.696969696969695,1314.0
258,28.0,1450.0,-38.56565656565657,1314.0
259,28.0,1437.0,-37.25252525252527,1314.0
260,28.0,1364.0,-29.878787878787886,1314.0
261,29.0,1488.0,-42.404040404040394,1314.0
262,29.0,1437.0,-37.25252525252528,1314.0
263,29.0,1451.0,-38.666666666666664,1314.0
264,29.0,1524.0,-46.040404040404056,1314.0
265,29.0,1370.0,-30.484848484848484,1314.0
266,29.0,1322.0,-25.63636363636364,1314.0
267,29.0,1349.0,-28.363636363636353,1314.0
268,29.0,1382.0,-31.696969696969706,1314.0
269,29.0,1387.0,-32.2020202020202,1314.0
270,30.0,1409.0,-34.424242424242436,1314.0
271,30.0,1343.0,-27.757575757575758,1314.0
272,30.0,1345.0,-27.959595959595973,1314.0
273,30.0,1414.0,-34.92929292929293,1314.0
274,30.0,1343.0,-27.757575757575765,1314.0
275,30.0,1469.0,-40.484848484848484,1314.0
276,30.0,1387.0,-32.20202020202021,1314.0
277,30.0,1361.0,-29.575757575757578,1314.0
278,30.0,1459.0,-39.47474747474748,1314.0
279,31.0,1409.0,-34.424242424242436,1314.0
280,31.0,1490.0,-42.60606060606062,1314.0
281,31.0,1357.0,-29.171717171717187,1314.0
282,31.0,1511.0,-44.727272727272734,1314.0
283,31.0,1366.0,-30.080808080808087,1314.0
284,31.0,1388.0,-32.30303030303032,1314.0
285,31.0,1404.0,-33.91919191919192,1314.0
286,31.0,1370.0,-30.484848484848488,1314.0
287,31.0,1435.0,-37.050505050505066,1314.0
288,32.0,1485.0,-42.101010101010104,1314.0
289,32.0,1487.0,-42.3030303030303,1314.0
290,32.0,1459.0,-39.47474747474748,1314.0
291,32.0,1487.0,-42.30303030303032,1314.0
292,32.0,1404.0,-33.91919191919192,1314.0
293,32.0,1334.0,-26.848484848484865,1314.0
294,32.0,1380.0,-31.494949494949502,1314.0
295,32.0,1494.0,-43.01010101010102,1314.0
296,32.0,1453.0,-38.868686868686865,1314.0
297,33.0,1427.0,-36.24242424242425,1314.0
298,33.0,1424.0,-35.93939393939396,1314.0
299,33.0,1364.0,-29.878787878787882,1314.0
300,33.0,1410.0,-34.52525252525253,1314.0
301,33.0,1353.0,-28.767676767676775,1314.0
302,33.0,1499.0,-43.515151515151516,1314.0
303,33.0,1488.0,-42.404040404040416,1314.0
304,33.0,1456.0,-39.17171717171717,1314.0
305,33.0,1440.0,-37.555555555555564,1314.0
306,34.0,1348.0,-28.262626262626263,1314.0
307,34.0,1405.0,-34.020202020202035,1314.0
308,34.0,1387.0,-32.20202020202021,1314.0
309,34.0,1421.0,-35.63636363636364,1314.0
310,34.0,1441.0,-37.65656565656567,1314.0
311,34.0,1475.0,-41.0909090909091,1314.0
312,34.0,1426.0,-36.14141414141416,1314.0
313,34.0,1394.0,-32.909090909090914,1314.0
314,34.0,1396.0,-33.11111111111112,1314.0
315,35.0,1368.0,-30.2828282828283,1314.0
316,35.0,1419.0,-35.43434343434343,1314.0
317,35.0,1386.0,-32.10101010101011,1314.0
318,35.0,1413.0,-34.82828282828284,1314.0
319,35.0,1490.0,-42.60606060606062,1314.0
320,35.0,1469.0,-40.484848484848506,1314.0
321,35.0,1387.0,-32.20202020202019,1314.0
322,35.0,1382.0,-31.6969696969697,1314.0
323,35.0,1388.0,-32.30303030303031,1314.0
324,36.0,1469.0,-40.48484848484849,1314.0
325,36.0,1375.0,-30.989898989899004,1314.0
326,36.0,1387.0,-32.202020202020215,1314.0
327,36.0,1343.0,-27.757575757575765,1314.0
328,36.0,1353.0,-28.767676767676775,1314.0
329,36.0,1393.0,-32.80808080808083,1314.0
330,36.0,1345.0,-27.95959595959596,1314.0
331,36.0,1394.0,-32.90909090909092,1314.0
332,36.0,1441.0,-37.65656565656566,1314.0
333,37.0,1491.0,-42.70707070707073,1314.0
334,37.0,1412.0,-34.72727272727272,1314.0
335,37.0,1402.0,-33.71717171717174,1314.0
336,37.0,1442.0,-37.75757575757576,1314.0
337,37.0,1414.0,-34.929292929292934,1314.0
338,37.0,1435.0,-37.05050505050506,1314.0
339,37.0,1448.0,-38.36363636363636,1314.0
340,37.0,1411.0,-34.62626262626264,1314.0
341,37.0,1424.0,-35.93939393939395,1314.0
342,38.0,1639.0,-57.65656565656565,1314.0
343,38.0,1410.0,-34.525252525252526,1314.0
344,38.0,1428.0,-36.34343434343434,1314.0
345,38.0,1413.0,-34.82828282828284,1314.0
346,38.0,1393.0,-32.80808080808081,1314.0
347,38.0,1347.0,-28.161616161616156,1314.0
348,38.0,1361.0,-29.575757575757578,1314.0
349,38.0,1409.0,-34.42424242424242,1314.0
350,38.0,1419.0,-35.43434343434345,1314.0
351,39.0,1418.0,-35.33333333333334,1314.0
352,39.0,1387.0,-32.2020202020202,1314.0
353,39.0,1382.0,-31.696969696969706,1314.0
354,39.0,1393.0,-32.80808080808082,1314.0
355,39.0,1418.0,-35.33333333333332,1314.0
356,39.0,1362.0,-29.676767676767682,1314.0
357,39.0,1425.0,-36.040404040404034,1314.0
358,39.0,1387.0,-32.202020202020215,1314.0
359,39.0,1412.0,-34.72727272727273,1314.0
360,40.0,1393.0,-32.80808080808082,1314.0
361,40.0,1447.0,-38.262626262626256,1314.0
362,40.0,1413.0,-34.82828282828285,1314.0
363,40.0,1380.0,-31.494949494949495,1314.0
364,40.0,1426.0,-36.14141414141415,1314.0
365,40.0,1462.0,-39.77777777777778,1314.0
366,40.0,1457.0,-39.272727272727295,1314.0
367,40.0,1431.0,-36.64646464646466,1314.0
368,40.0,1441.0,-37.656565656565654,1314.0
369,41.0,1450.0,-38.56565656565658,1314.0
370,41.0,1482.0,-41.797979797979814,1314.0
371,41.0,1611.0,-54.82828282828282,1314.0
372,41.0,1433.0,-36.84848484848485,1314.0
373,41.0,1428.0,-36.34343434343434,1314.0
374,41.0,1393.0,-32.80808080808082,1314.0
375,41.0,1388.0,-32.303030303030305,1314.0
376,41.0,1418.0,-35.333333333333336,1314.0
377,41.0,1473.0,-40.88888888888891,1314.0
378,42.0,1451.0,-38.66666666666668,1314.0
379,42.0,1426.0,-36.141414141414145,1314.0
380,42.0,1388.0,-32.30303030303031,1314.0
381,42.0,1348.0,-28.26262626262626,1314.0
382,42.0,1414.0,-34.92929292929293,1314.0
383,42.0,1366.0,-30.080808080808083,1314.0
384,42.0,1478.0,-41.3939393939394,1314.0
385,42.0,1473.0,-40.88888888888889,1314.0
386,42.0,1386.0,-32.101010101010104,1314.0
387,43.0,1487.0,-42.303030303030305,1314.0
388,43.0,1334.0,-26.848484848484848,1314.0
389,43.0,1393.0,-32.80808080808081,1314.0
390,43.0,1420.0,-35.53535353535355,1314.0
391,43.0,1476.0,-41.19191919191918,1314.0
392,43.0,1453.0,-38.86868686868688,1314.0
393,43.0,1484.0,-42.000000000000014,1314.0
394,43.0,1441.0,-37.656565656565654,1314.0
395,43.0,1419.0,-35.43434343434342,1314.0
396,44.0,1335.0,-26.949494949494973,1314.0
397,44.0,1391.0,-32.60606060606061,1314.0
398,44.0,1512.0,-44.82828282828284,1314.0
399,44.0,1424.0,-35.93939393939395,1314.0
400,44.0,1436.0,-37.15151515151516,1314.0
401,44.0,1348.0,-28.262626262626263,1314.0
402,44.0,1496.0,-43.21212121212121,1314.0
403,44.0,1431.0,-36.64646464646466,1314.0
404,44.0,1366.0,-30.08080808080808,1314.0
405,45.0,1334.0,-26.84848484848486,1314.0
406,45.0,1416.0,-35.131313131313135,1314.0
407,45.0,1506.0,-44.22222222222222,1314.0
408,45.0,1382.0,-31.696969696969692,1314.0
409,45.0,1311.0,-24.525252525252522,1311.0
410,45.0,1326.0,-26.04040404040404,1311.0
411,45.0,1409.0,-34.42424242424242,1311.0
412,45.0,1414.0,-34.929292929292934,1311.0
413,45.0,1382.0,-31.696969696969703,1311.0
414,46.0,1366.0,-30.08080808080808,1311.0
415,46.0,1359.0,-29.373737373737377,1311.0
416,46.0,1450.0,-38.56565656565657,1311.0
417,46.0,1411.0,-34.626262626262644,1311.0
418,46.0,1382.0,-31.696969696969706,1311.0
419,46.0,1343.0,-27.75757575757577,1311.0
420,46.0,1458.0,-39.37373737373738,1311.0
421,46.0,1336.0,-27.050505050505055,1311.0
422,46.0,1420.0,-35.535353535353536,1311.0
423,47.0,1403.0,-33.81818181818182,1311.0
424,47.0,1438.0,-37.35353535353535,1311.0
425,47.0,1350.0,-28.46464646464647,1311.0
426,47.0,1399.0,-33.41414141414142,1311.0
427,47.0,1401.0,-33.616161616161634,1311.0
428,47.0,1476.0,-41.19191919191919,1311.0
429,47.0,1367.0,-30.18181818181818,1311.0
430,47.0,1357.0,-29.17171717171717,1311.0
431,47.0,1436.0,-37.15151515151516,1311.0
432,48.0,1330.0,-26.444444444444457,1311.0
433,48.0,1329.0,-26.343434343434343,1311.0
434,48.0,1344.0,-27.858585858585865,1311.0
435,48.0,1341.0,-27.555555555555564,1311.0
436,48.0,1362.0,-29.676767676767682,1311.0
437,48.0,1343.0,-27.75757575757576,1311.0
438,48.0,1343.0,-27.757575757575765,1311.0
439,48.0,1436.0,-37.15151515151514,1311.0
440,48.0,1467.0,-40.28282828282829,1311.0
441,49.0,1388.0,-32.30303030303032,1311.0
442,49.0,1532.0,-46.848484848484844,1311.0
443,49.0,1416.0,-35.13131313131314,1311.0
444,49.0,1430.0,-36.54545454545454,1311.0
445,49.0,1387.0,-32.202020202020215,1311.0
446,49.0,1348.0,-28.26262626262627,1311.0
447,49.0,1418.0,-35.33333333333334,1311.0
448,49.0,1386.0,-32.10101010101011,1311.0
449,49.0,1386.0,-32.10101010101009,1311.0
450,50.0,1336.0,-27.050505050505052,1311.0
451,50.0,1403.0,-33.818181818181834,1311.0
452,50.0,1311.0,-24.525252525252533,1311.0
453,50.0,1444.0,-37.95959595959599,1311.0
454,50.0,1416.0,-35.13131313131315,1311.0
455,50.0,1348.0,-28.262626262626267,1311.0
456,50.0,1336.0,-27.05050505050506,1311.0
457,50.0,1359.0,-29.373737373737377,1311.0
458,50.0,1371.0,-30.585858585858603,1311.0
459,51.0,1358.0,-29.272727272727284,1311.0
460,51.0,1308.0,-24.222222222222232,1308.0
461,51.0,1375.0,-30.98989898989899,1308.0
462,51.0,1353.0,-28.767676767676782,1308.0
463,51.0,1425.0,-36.04040404040404,1308.0
464,51.0,1364.0,-29.87878787878789,1308.0
465,51.0,1366.0,-30.080808080808097,1308.0
466,51.0,1368.0,-30.282828282828287,1308.0
467,51.0,1389.0,-32.40404040404041,1308.0
468,52.0,1302.0,-23.61616161616162,1302.0
469,52.0,1369.0,-30.383838383838384,1302.0
470,52.0,1426.0,-36.14141414141416,1302.0
471,52.0,1487.0,-42.30303030303032,1302.0
472,52.0,1424.0,-35.939393939393966,1302.0
473,52.0,1410.0,-34.52525252525253,1302.0
474,52.0,1364.0,-29.87878787878789,1302.0
475,52.0,1342.0,-27.656565656565654,1302.0
476,52.0,1368.0,-30.282828282828287,1302.0
477,53.0,1325.0,-25.939393939393938,1302.0
478,53.0,1436.0,-37.15151515151516,1302.0
479,53.0,1368.0,-30.282828282828284,1302.0
480,53.0,1319.0,-25.333333333333346,1302.0
481,53.0,1320.0,-25.434343434343432,1302.0
482,53.0,1316.0,-25.03030303030304,1302.0
483,53.0,1344.0,-27.858585858585865,1302.0
484,53.0,1326.0,-26.04040404040404,1302.0
485,53.0,1343.0,-27.75757575757576,1302.0
486,54.0,1389.0,-32.40404040404041,1302.0
487,54.0,1375.0,-30.98989898989899,1302.0
488,54.0,1344.0,-27.858585858585872,1302.0
489,54.0,1388.0,-32.303030303030305,1302.0
490,54.0,1316.0,-25.03030303030304,1302.0
491,54.0,1445.0,-38.06060606060608,1302.0
492,54.0,1542.0,-47.85858585858587,1302.0
493,54.0,1370.0,-30.484848484848484,1302.0
494,54.0,1343.0,-27.757575757575758,1302.0
495,55.0,1429.0,-36.44444444444445,1302.0
496,55.0,1414.0,-34.929292929292934,1302.0
497,55.0,1425.0,-36.040404040404034,1302.0
498,55.0,1343.0,-27.75757575757577,1302.0
499,55.0,1364.0,-29.87878787878789,1302.0
500,55.0,1298.0,-23.212121212121225,1298.0
501,55.0,1431.0,-36.64646464646466,1298.0
502,55.0,1394.0,-32.90909090909091,1298.0
503,55.0,1424.0,-35.939393939393945,1298.0
504,56.0,1386.0,-32.101010101010104,1298.0
505,56.0,1382.0,-31.696969696969695,1298.0
506,56.0,1392.0,-32.70707070707072,1298.0
507,56.0,1311.0,-24.525252525252526,1298.0
508,56.0,1444.0,-37.95959595959597,1298.0
509,56.0,1343.0,-27.757575757575765,1298.0
510,56.0,1338.0,-27.252525252525263,1298.0
511,56.0,1438.0,-37.35353535353538,1298.0
512,56.0,1544.0,-48.060606060606055,1298.0
513,57.0,1443.0,-37.858585858585855,1298.0
514,57.0,1369.0,-30.3838383838384,1298.0
515,57.0,1393.0,-32.80808080808081,1298.0
516,57.0,1395.0,-33.01010101010101,1298.0
517,57.0,1387.0,-32.20202020202021,1298.0
518,57.0,1420.0,-35.535353535353536,1298.0
519,57.0,1420.0,-35.535353535353536,1298.0
520,57.0,1364.0,-29.87878787878788,1298.0
521,57.0,1325.0,-25.93939393939395,1298.0
522,58.0,1434.0,-36.94949494949497,1298.0
523,58.0,1412.0,-34.727272727272734,1298.0
524,58.0,1446.0,-38.16161616161616,1298.0
525,58.0,1395.0,-33.01010101010101,1298.0
526,58.0,1434.0,-36.949494949494955,1298.0
527,58.0,1411.0,-34.626262626262616,1298.0
528,58.0,1405.0,-34.02020202020203,1298.0
529,58.0,1347.0,-28.161616161616166,1298.0
530,58.0,1402.0,-33.71717171717174,1298.0
531,59.0,1332.0,-26.646464646464665,1298.0
532,59.0,1395.0,-33.01010101010102,1298.0
533,59.0,1348.0,-28.26262626262627,1298.0
534,59.0,1428.0,-36.34343434343435,1298.0
535,59.0,1503.0,-43.91919191919192,1298.0
536,59.0,1425.0,-36.04040404040405,1298.0
537,59.0,1402.0,-33.71717171717173,1298.0
538,59.0,1447.0,-38.26262626262628,1298.0
539,59.0,1370.0,-30.484848484848488,1298.0
540,60.0,1463.0,-39.87878787878788,1298.0
541,60.0,1399.0,-33.414141414141426,1298.0
542,60.0,1451.0,-38.66666666666667,1298.0
543,60.0,1324.0,-25.838383838383844,1298.0
544,60.0,1369.0,-30.383838383838395,1298.0
545,60.0,1361.0,-29.575757575757596,1298.0
546,60.0,1410.0,-34.52525252525254,1298.0
547,60.0,1403.0,-33.81818181818182,1298.0
548,60.0,1418.0,-35.33333333333333,1298.0
549,61.0,1414.0,-34.92929292929294,1298.0
550,61.0,1345.0,-27.95959595959597,1298.0
551,61.0,1332.0,-26.64646464646465,1298.0
552,61.0,1316.0,-25.03030303030304,1298.0
553,61.0,1408.0,-34.323232323232325,1298.0
554,61.0,1358.0,-29.27272727272727,1298.0
555,61.0,1532.0,-46.84848484848485,1298.0
556,61.0,1351.0,-28.565656565656568,1298.0
557,61.0,1335.0,-26.949494949494966,1298.0
558,62.0,1465.0,-40.08080808080808,1298.0
559,62.0,1426.0,-36.141414141414145,1298.0
560,62.0,1316.0,-25.03030303030304,1298.0
561,62.0,1382.0,-31.69696969696969,1298.0
562,62.0,1351.0,-28.565656565656568,1298.0
563,62.0,1422.0,-35.73737373737374,1298.0
564,62.0,1341.0,-27.555555555555568,1298.0
565,62.0,1385.0,-32.0,1298.0
566,62.0,1360.0,-29.474747474747502,1298.0
567,63.0,1372.0,-30.686868686868692,1298.0
568,63.0,1353.0,-28.76767676767677,1298.0
569,63.0,1325.0,-25.93939393939393,1298.0
570,63.0,1399.0,-33.41414141414141,1298.0
571,63.0,1330.0,-26.44444444444446,1298.0
572,63.0,1374.0,-30.888888888888896,1298.0
573,63.0,1434.0,-36.94949494949497,1298.0
574,63.0,1485.0,-42.10101010101012,1298.0
575,63.0,1367.0,-30.181818181818183,1298.0
576,64.0,1389.0,-32.40404040404042,1298.0
577,64.0,1342.0,-27.65656565656566,1298.0
578,64.0,1430.0,-36.545454545454554,1298.0
579,64.0,1302.0,-23.616161616161627,1298.0
580,64.0,1343.0,-27.757575757575758,1298.0
581,64.0,1351.0,-28.565656565656575,1298.0
582,64.0,1341.0,-27.555555555555568,1298.0
583,64.0,1339.0,-27.353535353535356,1298.0
584,64.0,1343.0,-27.75757575757576,1298.0
585,65.0,1399.0,-33.41414141414143,1298.0
586,65.0,1341.0,-27.555555555555564,1298.0
587,65.0,1343.0,-27.757575757575765,1298.0
588,65.0,1452.0,-38.76767676767679,1298.0
589,65.0,1381.0,-31.595959595959595,1298.0
590,65.0,1386.0,-32.101010101010104,1298.0
591,65.0,1376.0,-31.090909090909093,1298.0
592,65.0,1366.0,-30.080808080808087,1298.0
593,65.0,1380.0,-31.494949494949502,1298.0
594,66.0,1498.0,-43.414141414141426,1298.0
595,66.0,1393.0,-32.80808080808081,1298.0
596,66.0,1410.0,-34.52525252525252,1298.0
597,66.0,1354.0,-28.86868686868688,1298.0
598,66.0,1363.0,-29.777777777777793,1298.0
599,66.0,1320.0,-25.43434343434344,1298.0
600,66.0,1460.0,-39.57575757575758,1298.0
601,66.0,1300.0,-23.414141414141426,1298.0
602,66.0,1456.0,-39.17171717171719,1298.0
603,67.0,1343.0,-27.757575757575765,1298.0
604,67.0,1319.0,-25.333333333333336,1298.0
605,67.0,1376.0,-31.090909090909097,1298.0
606,67.0,1375.0,-30.98989898989899,1298.0
607,67.0,1355.0,-28.96969696969697,1298.0
608,67.0,1362.0,-29.676767676767682,1298.0
609,67.0,1317.0,-25.13131313131313,1298.0
610,67.0,1298.0,-23.212121212121215,1298.0
611,67.0,1423.0,-35.838383838383834,1298.0
612,68.0,1319.0,-25.333333333333336,1298.0
613,68.0,1296.0,-23.010101010101017,1296.0
614,68.0,1385.0,-32.0,1296.0
615,68.0,1442.0,-37.75757575757576,1296.0
616,68.0,1472.0,-40.787878787878796,1296.0
617,68.0,1296.0,-23.010101010101017,1296.0
618,68.0,1308.0,-24.222222222222225,1296.0
619,68.0,1355.0,-28.969696969696976,1296.0
620,68.0,1342.0,-27.65656565656566,1296.0
621,69.0,1341.0,-27.555555555555554,1296.0
622,69.0,1305.0,-23.919191919191938,1296.0
623,69.0,1453.0,-38.86868686868687,1296.0
624,69.0,1314.0,-24.82828282828283,1296.0
625,69.0,1320.0,-25.43434343434344,1296.0
626,69.0,1389.0,-32.404040404040416,1296.0
627,69.0,1410.0,-34.52525252525253,1296.0
628,69.0,1334.0,-26.848484848484865,1296.0
629,69.0,1363.0,-29.777777777777786,1296.0
630,70.0,1434.0,-36.94949494949496,1296.0
631,70.0,1322.0,-25.636363636363647,1296.0
632,70.0,1343.0,-27.757575757575758,1296.0
633,70.0,1298.0,-23.21212121212121,1296.0
634,70.0,1343.0,-27.757575757575758,1296.0
635,70.0,1300.0,-23.414141414141422,1296.0
636,70.0,1350.0,-28.464646464646478,1296.0
637,70.0,1307.0,-24.121212121212125,1296.0
638,70.0,1476.0,-41.19191919191919,1296.0
639,71.0,1363.0,-29.77777777777778,1296.0
640,71.0,1363.0,-29.777777777777786,1296.0
641,71.0,1357.0,-29.171717171717177,1296.0
642,71.0,1376.0,-31.090909090909108,1296.0
643,71.0,1367.0,-30.18181818181819,1296.0
644,71.0,1348.0,-28.26262626262627,1296.0
645,71.0,1298.0,-23.21212121212121,1296.0
646,71.0,1343.0,-27.757575757575765,1296.0
647,71.0,1384.0,-31.8989898989899,1296.0
648,72.0,1333.0,-26.747474747474758,1296.0
649,72.0,1316.0,-25.030303030303035,1296.0
650,72.0,1357.0,-29.171717171717184,1296.0
651,72.0,1408.0,-34.32323232323234,1296.0
652,72.0,1307.0,-24.12121212121213,1296.0
653,72.0,1340.0,-27.45454545454545,1296.0
654,72.0,1343.0,-27.75757575757576,1296.0
655,72.0,1310.0,-24.42424242424243,1296.0
656,72.0,1426.0,-36.14141414141416,1296.0
657,73.0,1371.0,-30.585858585858592,1296.0
658,73.0,1330.0,-26.44444444444445,1296.0
659,73.0,1355.0,-28.969696969696965,1296.0
660,73.0,1354.0,-28.868686868686872,1296.0
661,73.0,1384.0,-31.898989898989917,1296.0
662,73.0,1348.0,-28.262626262626274,1296.0
663,73.0,1427.0,-36.24242424242425,1296.0
664,73.0,1343.0,-27.757575757575758,1296.0
665,73.0,1357.0,-29.171717171717173,1296.0
666,74.0,1309.0,-24.32323232323233,1296.0
667,74.0,1310.0,-24.424242424242426,1296.0
668,74.0,1370.0,-30.4848484848485,1296.0
669,74.0,1356.0,-29.070707070707087,1296.0
670,74.0,1354.0,-28.86868686868688,1296.0
671,74.0,1412.0,-34.72727272727273,1296.0
672,74.0,1323.0,-25.73737373737375,1296.0
673,74.0,1341.0,-27.555555555555564,1296.0
674,74.0,1345.0,-27.959595959595966,1296.0
675,75.0,1334.0,-26.848484848484862,1296.0
676,75.0,1385.0,-32.00000000000001,1296.0
677,75.0,1325.0,-25.939393939393945,1296.0
678,75.0,1357.0,-29.171717171717177,1296.0
679,75.0,1457.0,-39.27272727272728,1296.0
680,75.0,1466.0,-40.181818181818194,1296.0
681,75.0,1313.0,-24.72727272727273,1296.0
682,75.0,1370.0,-30.484848484848488,1296.0
683,75.0,1381.0,-31.595959595959606,1296.0
684,76.0,1430.0,-36.54545454545456,1296.0
685,76.0,1429.0,-36.44444444444444,1296.0
686,76.0,1372.0,-30.68686868686869,1296.0
687,76.0,1369.0,-30.38383838383839,1296.0
688,76.0,1343.0,-27.75757575757577,1296.0
689,76.0,1330.0,-26.444444444444446,1296.0
690,76.0,1554.0,-49.07070707070709,1296.0
691,76.0,1400.0,-33.515151515151516,1296.0
692,76.0,1436.0,-37.15151515151517,1296.0
693,77.0,1341.0,-27.55555555555555,1296.0
694,77.0,1330.0,-26.444444444444443,1296.0
695,77.0,1409.0,-34.42424242424243,1296.0
696,77.0,1331.0,-26.545454545454547,1296.0
697,77.0,1327.0,-26.14141414141416,1296.0
698,77.0,1341.0,-27.55555555555556,1296.0
699,77.0,1342.0,-27.65656565656566,1296.0
700,77.0,1333.0,-26.747474747474755,1296.0
701,77.0,1376.0,-31.09090909090909,1296.0
702,78.0,1414.0,-34.929292929292934,1296.0
703,78.0,1416.0,-35.13131313131315,1296.0
704,78.0,1360.0,-29.47474747474748,1296.0
705,78.0,1323.0,-25.737373737373748,1296.0
706,78.0,1311.0,-24.525252525252526,1296.0
707,78.0,1355.0,-28.96969696969697,1296.0
708,78.0,1442.0,-37.75757575757576,1296.0
709,78.0,1409.0,-34.424242424242436,1296.0
710,78.0,1330.0,-26.444444444444446,1296.0
711,79.0,1321.0,-25.535353535353536,1296.0
712,79.0,1343.0,-27.757575757575758,1296.0
713,79.0,1316.0,-25.03030303030304,1296.0
714,79.0,1321.0,-25.53535353535354,1296.0
715,79.0,1351.0,-28.56565656565659,1296.0
716,79.0,1327.0,-26.141414141414156,1296.0
717,79.0,1407.0,-34.22222222222222,1296.0
718,79.0,1361.0,-29.575757575757585,1296.0
719,79.0,1334.0,-26.84848484848486,1296.0
720,80.0,1316.0,-25.030303030303042,1296.0
721,80.0,1322.0,-25.63636363636365,1296.0
722,80.0,1361.0,-29.575757575757578,1296.0
723,80.0,1390.0,-32.505050505050505,1296.0
724,80.0,1334.0,-26.848484848484844,1296.0
725,80.0,1311.0,-24.525252525252544,1296.0
726,80.0,1430.0,-36.54545454545456,1296.0
727,80.0,1329.0,-26.34343434343435,1296.0
728,80.0,1427.0,-36.24242424242425,1296.0
729,81.0,1323.0,-25.73737373737374,1296.0
730,81.0,1327.0,-26.14141414141414,1296.0
731,81.0,1318.0,-25.232323232323242,1296.0
732,81.0,1316.0,-25.030303030303042,1296.0
733,81.0,1323.0,-25.737373737373737,1296.0
734,81.0,1316.0,-25.030303030303042,1296.0
735,81.0,1340.0,-27.454545454545457,1296.0
736,81.0,1306.0,-24.020202020202017,1296.0
737,81.0,1388.0,-32.30303030303032,1296.0
738,82.0,1426.0,-36.14141414141415,1296.0
739,82.0,1298.0,-23.212121212121207,1296.0
740,82.0,1298.0,-23.21212121212121,1296.0
741,82.0,1387.0,-32.20202020202021,1296.0
742,82.0,1316.0,-25.03030303030304,1296.0
743,82.0,1363.0,-29.777777777777782,1296.0
744,82.0,1341.0,-27.555555555555557,1296.0
745,82.0,1298.0,-23.21212121212121,1296.0
746,82.0,1341.0,-27.555555555555554,1296.0
747,83.0,1433.0,-36.84848484848486,1296.0
748,83.0,1307.0,-24.12121212121213,1296.0
749,83.0,1349.0,-28.36363636363636,1296.0
750,83.0,1398.0,-33.313131313131315,1296.0
751,83.0,1330.0,-26.444444444444454,1296.0
752,83.0,1341.0,-27.55555555555557,1296.0
753,83.0,1296.0,-23.01010101010101,1296.0
754,83.0,1348.0,-28.262626262626263,1296.0
755,83.0,1339.0,-27.35353535353537,1296.0
756,84.0,1322.0,-25.636363636363647,1296.0
757,84.0,1415.0,-35.03030303030304,1296.0
758,84.0,1325.0,-25.939393939393952,1296.0
759,84.0,1450.0,-38.565656565656575,1296.0
760,84.0,1364.0,-29.878787878787886,1296.0
761,84.0,1426.0,-36.141414141414145,1296.0
762,84.0,1349.0,-28.363636363636367,1296.0
763,84.0,1366.0,-30.080808080808083,1296.0
764,84.0,1316.0,-25.03030303030304,1296.0
765,85.0,1344.0,-27.85858585858586,1296.0
766,85.0,1411.0,-34.62626262626262,1296.0
767,85.0,1339.0,-27.35353535353535,1296.0
768,85.0,1412.0,-34.727272727272734,1296.0
769,85.0,1387.0,-32.2020202020202,1296.0
770,85.0,1367.0,-30.181818181818187,1296.0
771,85.0,1337.0,-27.151515151515163,1296.0
772,85.0,1312.0,-24.626262626262626,1296.0
773,85.0,1364.0,-29.878787878787886,1296.0
774,86.0,1350.0,-28.464646464646467,1296.0
775,86.0,1434.0,-36.949494949494955,1296.0
776,86.0,1330.0,-26.444444444444446,1296.0
777,86.0,1408.0,-34.32323232323235,1296.0
778,86.0,1389.0,-32.404040404040416,1296.0
779,86.0,1311.0,-24.525252525252547,1296.0
780,86.0,1434.0,-36.949494949494955,1296.0
781,86.0,1335.0,-26.94949494949495,1296.0
782,86.0,1299.0,-23.31313131313132,1296.0
783,87.0,1451.0,-38.666666666666686,1296.0
784,87.0,1298.0,-23.212121212121215,1296.0
785,87.0,1494.0,-43.010101010101025,1296.0
786,87.0,1379.0,-31.393939393939398,1296.0
787,87.0,1360.0,-29.47474747474748,1296.0
788,87.0,1354.0,-28.86868686868687,1296.0
789,87.0,1358.0,-29.272727272727273,1296.0
790,87.0,1510.0,-44.626262626262644,1296.0
791,87.0,1320.0,-25.43434343434344,1296.0
792,88.0,1320.0,-25.434343434343436,1296.0
793,88.0,1330.0,-26.44444444444445,1296.0
794,88.0,1340.0,-27.454545454545467,1296.0
795,88.0,1314.0,-24.828282828282823,1296.0
796,88.0,1349.0,-28.363636363636374,1296.0
797,88.0,1330.0,-26.444444444444443,1296.0
798,88.0,1296.0,-23.010101010101014,1296.0
799,88.0,1349.0,-28.363636363636367,1296.0
800,88.0,1353.0,-28.767676767676768,1296.0
801,89.0,1307.0,-24.121212121212128,1296.0
802,89.0,1298.0,-23.212121212121218,1296.0
803,89.0,1296.0,-23.01010101010101,1296.0
804,89.0,1308.0,-24.222222222222225,1296.0
805,89.0,1296.0,-23.01010101010102,1296.0
806,89.0,1307.0,-24.12121212121213,1296.0
807,89.0,1382.0,-31.696969696969695,1296.0
808,89.0,1320.0,-25.434343434343432,1296.0
809,89.0,1299.0,-23.313131313131315,1296.0
810,90.0,1298.0,-23.212121212121218,1296.0
811,90.0,1296.0,-23.010101010101014,1296.0
812,90.0,1316.0,-25.03030303030303,1296.0
813,90.0,1319.0,-25.333333333333336,1296.0
814,90.0,1479.0,-41.494949494949495,1296.0
815,90.0,1307.0,-24.121212121212125,1296.0
816,90.0,1296.0,-23.010101010101017,1296.0
817,90.0,1298.0,-23.212121212121218,1296.0
818,90.0,1320.0,-25.434343434343432,1296.0
819,91.0,1298.0,-23.212121212121218,1296.0
820,91.0,1386.0,-32.10101010101012,1296.0
821,91.0,1421.0,-35.63636363636365,1296.0
822,91.0,1320.0,-25.43434343434344,1296.0
823,91.0,1308.0,-24.222222222222218,1296.0
824,91.0,1343.0,-27.75757575757576,1296.0
825,91.0,1367.0,-30.18181818181818,1296.0
826,91.0,1347.0,-28.161616161616163,1296.0
827,91.0,1325.0,-25.93939393939394,1296.0
828,92.0,1329.0,-26.34343434343436,1296.0
829,92.0,1349.0,-28.363636363636353,1296.0
830,92.0,1298.0,-23.21212121212122,1296.0
831,92.0,1461.0,-39.67676767676768,1296.0
832,92.0,1514.0,-45.030303030303024,1296.0
833,92.0,1485.0,-42.10101010101011,1296.0
834,92.0,1308.0,-24.222222222222225,1296.0
835,92.0,1479.0,-41.494949494949495,1296.0
836,92.0,1297.0,-23.111111111111114,1296.0
837,93.0,1340.0,-27.454545454545467,1296.0
838,93.0,1298.0,-23.21212121212122,1296.0
839,93.0,1315.0,-24.929292929292927,1296.0
840,93.0,1319.0,-25.33333333333334,1296.0
841,93.0,1302.0,-23.61616161616162,1296.0
842,93.0,1298.0,-23.212121212121215,1296.0
843,93.0,1335.0,-26.949494949494948,1296.0
844,93.0,1370.0,-30.484848484848495,1296.0
845,93.0,1330.0,-26.444444444444443,1296.0
846,94.0,1298.0,-23.212121212121215,1296.0
847,94.0,1298.0,-23.212121212121218,1296.0
848,94.0,1426.0,-36.141414141414145,1296.0
849,94.0,1298.0,-23.212121212121218,1296.0
850,94.0,1317.0,-25.131313131313128,1296.0
851,94.0,1420.0,-35.53535353535355,1296.0
852,94.0,1361.0,-29.575757575757574,1296.0
853,94.0,1330.0,-26.444444444444443,1296.0
854,94.0,1436.0,-37.151515151515156,1296.0
855,95.0,1298.0,-23.212121212121215,1296.0
856,95.0,1430.0,-36.545454545454554,1296.0
857,95.0,1320.0,-25.43434343434344,1296.0
858,95.0,1298.0,-23.212121212121218,1296.0
859,95.0,1388.0,-32.303030303030305,1296.0
860,95.0,1330.0,-26.444444444444446,1296.0
861,95.0,1330.0,-26.44444444444444,1296.0
862,95.0,1327.0,-26.141414141414153,1296.0
863,95.0,1319.0,-25.33333333333334,1296.0
864,96.0,1431.0,-36.646464646464665,1296.0
865,96.0,1304.0,-23.818181818181813,1296.0
866,96.0,1320.0,-25.434343434343443,1296.0
867,96.0,1298.0,-23.212121212121207,1296.0
868,96.0,1340.0,-27.454545454545457,1296.0
869,96.0,1356.0,-29.070707070707076,1296.0
870,96.0,1351.0,-28.565656565656568,1296.0
871,96.0,1298.0,-23.212121212121218,1296.0
872,96.0,1330.0,-26.444444444444454,1296.0
873,97.0,1298.0,-23.21212121212121,1296.0
874,97.0,1374.0,-30.888888888888903,1296.0
875,97.0,1340.0,-27.454545454545464,1296.0
876,97.0,1318.0,-25.232323232323232,1296.0
877,97.0,1296.0,-23.01010101010101,1296.0
878,97.0,1366.0,-30.080808080808087,1296.0
879,97.0,1298.0,-23.212121212121218,1296.0
880,97.0,1431.0,-36.64646464646466,1296.0
881,97.0,1342.0,-27.656565656565668,1296.0
882,98.0,1298.0,-23.212121212121218,1296.0
883,98.0,1413.0,-34.82828282828284,1296.0
884,98.0,1330.0,-26.444444444444446,1296.0
885,98.0,1341.0,-27.555555555555557,1296.0
886,98.0,1296.0,-23.010101010101007,1296.0
887,98.0,1298.0,-23.212121212121218,1296.0
888,98.0,1343.0,-27.757575757575758,1296.0
889,98.0,1298.0,-23.212121212121218,1296.0
890,98.0,1330.0,-26.444444444444443,1296.0
891,99.0,1330.0,-26.44444444444445,1296.0
892,99.0,1298.0,-23.21212121212121,1296.0
893,99.0,1298.0,-23.212121212121215,1296.0
894,99.0,1298.0,-23.21212121212122,1296.0
895,99.0,1434.0,-36.94949494949496,1296.0
896,99.0,1298.0,-23.212121212121207,1296.0
897,99.0,1298.0,-23.21212121212122,1296.0
898,99.0,1298.0,-23.212121212121225,1296.0
899,99.0,1352.0,-28.666666666666664,1296.0
900,100.0,1359.0,-29.373737373737388,1296.0
901,100.0,1382.0,-31.69696969696971,1296.0
902,100.0,1296.0,-23.010101010101017,1296.0
903,100.0,1367.0,-30.18181818181819,1296.0
904,100.0,1427.0,-36.242424242424235,1296.0
905,100.0,1303.0,-23.717171717171723,1296.0
906,100.0,1320.0,-25.43434343434344,1296.0
907,100.0,1298.0,-23.212121212121215,1296.0
908,100.0,1330.0,-26.44444444444445,1296.0
909,101.0,1320.0,-25.43434343434343,1296.0
910,101.0,1298.0,-23.21212121212121,1296.0
911,101.0,1330.0,-26.44444444444445,1296.0
912,101.0,1320.0,-25.43434343434344,1296.0
913,101.0,1392.0,-32.707070707070706,1296.0
914,101.0,1386.0,-32.10101010101009,1296.0
915,101.0,1434.0,-36.94949494949496,1296.0
916,101.0,1343.0,-27.757575757575765,1296.0
917,101.0,1354.0,-28.868686868686872,1296.0
918,102.0,1344.0,-27.858585858585865,1296.0
919,102.0,1420.0,-35.53535353535354,1296.0
920,102.0,1298.0,-23.21212121212121,1296.0
921,102.0,1320.0,-25.434343434343447,1296.0
922,102.0,1341.0,-27.555555555555564,1296.0
923,102.0,1373.0,-30.787878787878785,1296.0
924,102.0,1362.0,-29.67676767676768,1296.0
925,102.0,1330.0,-26.44444444444444,1296.0
926,102.0,1330.0,-26.444444444444443,1296.0
927,103.0,1298.0,-23.21212121212121,1296.0
928,103.0,1318.0,-25.232323232323246,1296.0
929,103.0,1298.0,-23.21212121212121,1296.0
930,103.0,1302.0,-23.616161616161627,1296.0
931,103.0,1319.0,-25.333333333333332,1296.0
932,103.0,1298.0,-23.212121212121218,1296.0
933,103.0,1337.0,-27.151515151515156,1296.0
934,103.0,1400.0,-33.515151515151516,1296.0
935,103.0,1323.0,-25.737373737373737,1296.0
936,104.0,1298.0,-23.21212121212121,1296.0
937,104.0,1320.0,-25.43434343434344,1296.0
938,104.0,1349.0,-28.363636363636367,1296.0
939,104.0,1298.0,-23.212121212121218,1296.0
940,104.0,1298.0,-23.21212121212121,1296.0
941,104.0,1324.0,-25.838383838383834,1296.0
942,104.0,1357.0,-29.171717171717177,1296.0
943,104.0,1298.0,-23.21212121212121,1296.0
944,104.0,1377.0,-31.1919191919192,1296.0
945,105.0,1330.0,-26.444444444444454,1296.0
946,105.0,1298.0,-23.212121212121215,1296.0
947,105.0,1360.0,-29.47474747474748,1296.0
948,105.0,1330.0,-26.44444444444445,1296.0
949,105.0,1302.0,-23.61616161616162,1296.0
950,105.0,1330.0,-26.444444444444454,1296.0
951,105.0,1320.0,-25.434343434343447,1296.0
952,105.0,1382.0,-31.696969696969706,1296.0
953,105.0,1298.0,-23.212121212121207,1296.0
954,106.0,1437.0,-37.25252525252525,1296.0
955,106.0,1330.0,-26.444444444444454,1296.0
956,106.0,1296.0,-23.01010101010101,1296.0
957,106.0,1377.0,-31.1919191919192,1296.0
958,106.0,1376.0,-31.09090909090909,1296.0
959,106.0,1298.0,-23.212121212121218,1296.0
960,106.0,1415.0,-35.03030303030304,1296.0
961,106.0,1362.0,-29.676767676767692,1296.0
962,106.0,1314.0,-24.828282828282834,1296.0
963,107.0,1298.0,-23.212121212121207,1296.0
964,107.0,1348.0,-28.262626262626277,1296.0
965,107.0,1330.0,-26.444444444444443,1296.0
966,107.0,1349.0,-28.363636363636367,1296.0
967,107.0,1377.0,-31.191919191919204,1296.0
968,107.0,1383.0,-31.797979797979806,1296.0
969,107.0,1330.0,-26.44444444444445,1296.0
970,107.0,1330.0,-26.444444444444457,1296.0
971,107.0,1384.0,-31.898989898989907,1296.0
972,108.0,1329.0,-26.34343434343434,1296.0
973,108.0,1320.0,-25.434343434343432,1296.0
974,108.0,1320.0,-25.434343434343436,1296.0
975,108.0,1452.0,-38.767676767676775,1296.0
976,108.0,1346.0,-28.060606060606062,1296.0
977,108.0,1332.0,-26.64646464646464,1296.0
978,108.0,1318.0,-25.232323232323235,1296.0
979,108.0,1387.0,-32.20202020202019,1296.0
980,108.0,1298.0,-23.21212121212121,1296.0
981,109.0,1330.0,-26.44444444444445,1296.0
982,109.0,1298.0,-23.21212121212121,1296.0
983,109.0,1316.0,-25.030303030303035,1296.0
984,109.0,1353.0,-28.76767676767677,1296.0
985,109.0,1367.0,-30.18181818181819,1296.0
986,109.0,1329.0,-26.34343434343434,1296.0
987,109.0,1320.0,-25.43434343434344,1296.0
988,109.0,1296.0,-23.01010101010102,1296.0
989,109.0,1320.0,-25.434343434343436,1296.0
990,110.0,1335.0,-26.94949494949495,1296.0
991,110.0,1330.0,-26.444444444444454,1296.0
992,110.0,1296.0,-23.01010101010101,1296.0
993,110.0,1332.0,-26.64646464646465,1296.0
994,110.0,1306.0,-24.020202020202028,1296.0
995,110.0,1296.0,-23.01010101010102,1296.0
996,110.0,1298.0,-23.212121212121215,1296.0
997,110.0,1298.0,-23.21212121212121,1296.0
998,110.0,1298.0,-23.21212121212121,1296.0
999,111.0,1330.0,-26.444444444444443,1296.0
1000,111.0,1320.0,-25.434343434343436,1296.0
1001,111.0,1382.0,-31.696969696969695,1296.0
1002,111.0,1298.0,-23.212121212121207,1296.0
1003,111.0,1298.0,-23.212121212121215,1296.0
1004,111.0,1357.0,-29.171717171717177,1296.0
1005,111.0,1296.0,-23.010101010101014,1296.0
1006,111.0,1372.0,-30.686868686868696,1296.0
1007,111.0,1296.0,-23.01010101010101,1296.0
1008,112.0,1298.0,-23.21212121212121,1296.0
1009,112.0,1298.0,-23.212121212121215,1296.0
1010,112.0,1329.0,-26.343434343434353,1296.0
1011,112.0,1296.0,-23.010101010101003,1296.0
1012,112.0,1398.0,-33.313131313131315,1296.0
1013,112.0,1320.0,-25.434343434343432,1296.0
1014,112.0,1298.0,-23.212121212121218,1296.0
1015,112.0,1316.0,-25.030303030303042,1296.0
1016,112.0,1308.0,-24.222222222222225,1296.0
1017,113.0,1330.0,-26.44444444444445,1296.0
1018,113.0,1304.0,-23.818181818181824,1296.0
1019,113.0,1378.0,-31.292929292929294,1296.0
1020,113.0,1364.0,-29.87878787878789,1296.0
1021,113.0,1296.0,-23.010101010101017,1296.0
1022,113.0,1330.0,-26.44444444444445,1296.0
1023,113.0,1390.0,-32.50505050505051,1296.0
1024,113.0,1296.0,-23.010101010101003,1296.0
1025,113.0,1298.0,-23.212121212121218,1296.0
1026,114.0,1296.0,-23.010101010101014,1296.0
1027,114.0,1296.0,-23.010101010101007,1296.0
1028,114.0,1296.0,-23.01010101010101,1296.0
1029,114.0,1340.0,-27.45454545454546,1296.0
1030,114.0,1353.0,-28.76767676767678,1296.0
1031,114.0,1298.0,-23.212121212121207,1296.0
1032,114.0,1396.0,-33.111111111111114,1296.0
1033,114.0,1318.0,-25.232323232323242,1296.0
1034,114.0,1298.0,-23.21212121212121,1296.0
1035,115.0,1330.0,-26.444444444444457,1296.0
1036,115.0,1418.0,-35.333333333333336,1296.0
1037,115.0,1391.0,-32.60606060606061,1296.0
1038,115.0,1329.0,-26.343434343434346,1296.0
1039,115.0,1329.0,-26.343434343434353,1296.0
1040,115.0,1296.0,-23.010101010101017,1296.0
1041,115.0,1330.0,-26.444444444444446,1296.0
1042,115.0,1330.0,-26.444444444444443,1296.0
1043,115.0,1298.0,-23.212121212121215,1296.0
1044,116.0,1310.0,-24.424242424242433,1296.0
1045,116.0,1298.0,-23.212121212121218,1296.0
1046,116.0,1296.0,-23.010101010101014,1296.0
1047,116.0,1296.0,-23.010101010101014,1296.0
1048,116.0,1336.0,-27.050505050505055,1296.0
1049,116.0,1448.0,-38.363636363636374,1296.0
1050,116.0,1376.0,-31.090909090909093,1296.0
1051,116.0,1351.0,-28.565656565656585,1296.0
1052,116.0,1320.0,-25.434343434343436,1296.0
1053,117.0,1449.0,-38.46464646464647,1296.0
1054,117.0,1330.0,-26.444444444444454,1296.0
1055,117.0,1298.0,-23.21212121212121,1296.0
1056,117.0,1298.0,-23.212121212121215,1296.0
1057,117.0,1314.0,-24.828282828282834,1296.0
1058,117.0,1296.0,-23.010101010101007,1296.0
1059,117.0,1320.0,-25.434343434343436,1296.0
1060,117.0,1320.0,-25.434343434343432,1296.0
1061,117.0,1383.0,-31.797979797979814,1296.0
1062,118.0,1374.0,-30.888888888888893,1296.0
1063,118.0,1438.0,-37.35353535353536,1296.0
1064,118.0,1320.0,-25.434343434343432,1296.0
1065,118.0,1341.0,-27.555555555555557,1296.0
1066,118.0,1403.0,-33.81818181818183,1296.0
1067,118.0,1397.0,-33.21212121212123,1296.0
1068,118.0,1330.0,-26.44444444444445,1296.0
1069,118.0,1298.0,-23.21212121212122,1296.0
1070,118.0,1317.0,-25.13131313131314,1296.0
1071,119.0,1349.0,-28.363636363636367,1296.0
1072,119.0,1344.0,-27.858585858585858,1296.0
1073,119.0,1330.0,-26.44444444444445,1296.0
1074,119.0,1346.0,-28.060606060606062,1296.0
1075,119.0,1298.0,-23.21212121212121,1296.0
1076,119.0,1320.0,-25.43434343434344,1296.0
1077,119.0,1303.0,-23.71717171717172,1296.0
1078,119.0,1320.0,-25.434343434343432,1296.0
1079,119.0,1376.0,-31.090909090909086,1296.0
1080,120.0,1433.0,-36.848484848484844,1296.0
1081,120.0,1298.0,-23.212121212121225,1296.0
1082,120.0,1410.0,-34.52525252525253,1296.0
1083,120.0,1419.0,-35.43434343434344,1296.0
1084,120.0,1330.0,-26.444444444444457,1296.0
1085,120.0,1373.0,-30.787878787878793,1296.0
1086,120.0,1413.0,-34.82828282828283,1296.0
1087,120.0,1320.0,-25.43434343434344,1296.0
1088,120.0,1339.0,-27.353535353535356,1296.0
1089,121.0,1330.0,-26.444444444444457,1296.0
1090,121.0,1347.0,-28.161616161616173,1296.0
1091,121.0,1350.0,-28.464646464646474,1296.0
1092,121.0,1330.0,-26.444444444444443,1296.0
1093,121.0,1396.0,-33.111111111111114,1296.0
1094,121.0,1347.0,-28.161616161616163,1296.0
1095,121.0,1296.0,-23.01010101010102,1296.0
1096,121.0,1311.0,-24.52525252525253,1296.0
1097,121.0,1326.0,-26.04040404040405,1296.0
1098,122.0,1357.0,-29.171717171717177,1296.0
1099,122.0,1298.0,-23.212121212121215,1296.0
1100,122.0,1350.0,-28.464646464646467,1296.0
1101,122.0,1305.0,-23.919191919191928,1296.0
1102,122.0,1296.0,-23.01010101010101,1296.0
1103,122.0,1308.0,-24.222222222222232,1296.0
1104,122.0,1296.0,-23.010101010101017,1296.0
1105,122.0,1298.0,-23.212121212121207,1296.0
1106,122.0,1303.0,-23.71717171717173,1296.0
1107,123.0,1298.0,-23.212121212121225,1296.0
1108,123.0,1323.0,-25.737373737373744,1296.0
1109,123.0,1296.0,-23.01010101010101,1296.0
1110,123.0,1296.0,-23.010101010101017,1296.0
1111,123.0,1298.0,-23.212121212121207,1296.0
1112,123.0,1298.0,-23.212121212121225,1296.0
1113,123.0,1381.0,-31.59595959595961,1296.0
1114,123.0,1322.0,-25.636363636363647,1296.0
1115,123.0,1305.0,-23.919191919191928,1296.0
1116,124.0,1386.0,-32.10101010101011,1296.0
1117,124.0,1382.0,-31.696969696969695,1296.0
1118,124.0,1320.0,-25.43434343434344,1296.0
1119,124.0,1298.0,-23.212121212121225,1296.0
1120,124.0,1353.0,-28.767676767676768,1296.0
1121,124.0,1298.0,-23.212121212121225,1296.0
1122,124.0,1298.0,-23.212121212121225,1296.0
1123,124.0,1351.0,-28.56565656565657,1296.0
1124,124.0,1296.0,-23.010101010101014,1296.0
1125,125.0,1298.0,-23.212121212121225,1296.0
1126,125.0,1298.0,-23.212121212121225,1296.0
1127,125.0,1390.0,-32.505050505050505,1296.0
1128,125.0,1330.0,-26.44444444444445,1296.0
1129,125.0,1441.0,-37.656565656565654,1296.0
1130,125.0,1353.0,-28.767676767676758,1296.0
1131,125.0,1320.0,-25.43434343434344,1296.0
1132,125.0,1298.0,-23.21212121212122,1296.0
1133,125.0,1298.0,-23.212121212121225,1296.0
1134,126.0,1330.0,-26.44444444444445,1296.0
1135,126.0,1322.0,-25.63636363636364,1296.0
1136,126.0,1298.0,-23.212121212121225,1296.0
1137,126.0,1296.0,-23.010101010101007,1296.0
1138,126.0,1319.0,-25.333333333333336,1296.0
1139,126.0,1298.0,-23.21212121212122,1296.0
1140,126.0,1296.0,-23.010101010101014,1296.0
1141,126.0,1373.0,-30.787878787878796,1296.0
1142,126.0,1440.0,-37.55555555555557,1296.0
1143,127.0,1296.0,-23.010101010101003,1296.0
1144,127.0,1298.0,-23.212121212121225,1296.0
1145,127.0,1490.0,-42.606060606060616,1296.0
1146,127.0,1296.0,-23.010101010101014,1296.0
1147,127.0,1296.0,-23.01010101010102,1296.0
1148,127.0,1320.0,-25.434343434343436,1296.0
1149,127.0,1426.0,-36.141414141414145,1296.0
1150,127.0,1319.0,-25.33333333333334,1296.0
1151,127.0,1330.0,-26.444444444444457,1296.0
1152,128.0,1330.0,-26.44444444444445,1296.0
1153,128.0,1411.0,-34.62626262626262,1296.0
1154,128.0,1308.0,-24.222222222222225,1296.0
1155,128.0,1296.0,-23.01010101010102,1296.0
1156,128.0,1340.0,-27.454545454545457,1296.0
1157,128.0,1305.0,-23.919191919191928,1296.0
1158,128.0,1320.0,-25.43434343434344,1296.0
1159,128.0,1343.0,-27.757575757575772,1296.0
1160,128.0,1330.0,-26.44444444444445,1296.0
1161,129.0,1315.0,-24.929292929292934,1296.0
1162,129.0,1320.0,-25.434343434343436,1296.0
1163,129.0,1298.0,-23.21212121212122,1296.0
1164,129.0,1305.0,-23.919191919191928,1296.0
1165,129.0,1319.0,-25.33333333333334,1296.0
1166,129.0,1320.0,-25.434343434343432,1296.0
1167,129.0,1311.0,-24.525252525252533,1296.0
1168,129.0,1330.0,-26.44444444444445,1296.0
1169,129.0,1376.0,-31.090909090909093,1296.0
1170,130.0,1481.0,-41.69696969696971,1296.0
1171,130.0,1320.0,-25.434343434343447,1296.0
1172,130.0,1298.0,-23.212121212121225,1296.0
1173,130.0,1319.0,-25.33333333333333,1296.0
1174,130.0,1320.0,-25.43434343434344,1296.0
1175,130.0,1298.0,-23.212121212121218,1296.0
1176,130.0,1296.0,-23.010101010101014,1296.0
1177,130.0,1305.0,-23.919191919191928,1296.0
1178,130.0,1308.0,-24.22222222222223,1296.0
1179,131.0,1347.0,-28.161616161616173,1296.0
1180,131.0,1308.0,-24.222222222222225,1296.0
1181,131.0,1349.0,-28.363636363636367,1296.0
1182,131.0,1320.0,-25.434343434343443,1296.0
1183,131.0,1298.0,-23.212121212121218,1296.0
1184,131.0,1326.0,-26.04040404040405,1296.0
1185,131.0,1320.0,-25.434343434343436,1296.0
1186,131.0,1320.0,-25.434343434343443,1296.0
1187,131.0,1298.0,-23.21212121212123,1296.0
1188,132.0,1389.0,-32.4040404040404,1296.0
1189,132.0,1320.0,-25.434343434343436,1296.0
1190,132.0,1330.0,-26.44444444444445,1296.0
1191,132.0,1354.0,-28.868686868686876,1296.0
1192,132.0,1340.0,-27.454545454545467,1296.0
1193,132.0,1320.0,-25.434343434343436,1296.0
1194,132.0,1296.0,-23.01010101010101,1296.0
1195,132.0,1330.0,-26.444444444444436,1296.0
1196,132.0,1320.0,-25.434343434343443,1296.0
1197,133.0,1322.0,-25.63636363636364,1296.0
1198,133.0,1299.0,-23.31313131313131,1296.0
1199,133.0,1308.0,-24.22222222222222,1296.0
1200,133.0,1296.0,-23.010101010101,1296.0
1201,133.0,1297.0,-23.111111111111104,1296.0
1202,133.0,1358.0,-29.272727272727273,1296.0
1203,133.0,1303.0,-23.717171717171723,1296.0
1204,133.0,1296.0,-23.01010101010101,1296.0
1205,133.0,1358.0,-29.272727272727277,1296.0
1206,134.0,1379.0,-31.393939393939387,1296.0
1207,134.0,1308.0,-24.222222222222218,1296.0
1208,134.0,1378.0,-31.29292929292931,1296.0
1209,134.0,1366.0,-30.080808080808076,1296.0
1210,134.0,1296.0,-23.01010101010101,1296.0
1211,134.0,1411.0,-34.626262626262644,1296.0
1212,134.0,1321.0,-25.53535353535354,1296.0
1213,134.0,1298.0,-23.212121212121215,1296.0
1214,134.0,1324.0,-25.838383838383837,1296.0
1215,135.0,1330.0,-26.444444444444443,1296.0
1216,135.0,1326.0,-26.040404040404038,1296.0
1217,135.0,1333.0,-26.747474747474755,1296.0
1218,135.0,1351.0,-28.565656565656564,1296.0
1219,135.0,1308.0,-24.222222222222218,1296.0
1220,135.0,1351.0,-28.56565656565657,1296.0
1221,135.0,1320.0,-25.43434343434344,1296.0
1222,135.0,1358.0,-29.272727272727273,1296.0
1223,135.0,1298.0,-23.212121212121215,1296.0
1224,136.0,1308.0,-24.222222222222218,1296.0
1225,136.0,1330.0,-26.444444444444454,1296.0
1226,136.0,1320.0,-25.434343434343432,1296.0
1227,136.0,1421.0,-35.63636363636363,1296.0
1228,136.0,1353.0,-28.76767676767678,1296.0
1229,136.0,1330.0,-26.44444444444445,1296.0
1230,136.0,1320.0,-25.434343434343432,1296.0
1231,136.0,1391.0,-32.60606060606062,1296.0
1232,136.0,1330.0,-26.444444444444443,1296.0
1233,137.0,1330.0,-26.444444444444443,1296.0
1234,137.0,1296.0,-23.010101010101017,1296.0
1235,137.0,1296.0,-23.01010101010101,1296.0
1236,137.0,1346.0,-28.060606060606062,1296.0
1237,137.0,1444.0,-37.95959595959596,1296.0
1238,137.0,1322.0,-25.63636363636364,1296.0
1239,137.0,1356.0,-29.070707070707066,1296.0
1240,137.0,1298.0,-23.212121212121218,1296.0
1241,137.0,1298.0,-23.212121212121207,1296.0
1242,138.0,1296.0,-23.010101010101003,1296.0
1243,138.0,1296.0,-23.010101010101014,1296.0
1244,138.0,1359.0,-29.373737373737374,1296.0
1245,138.0,1426.0,-36.141414141414145,1296.0
1246,138.0,1330.0,-26.44444444444445,1296.0
1247,138.0,1296.0,-23.010101010101014,1296.0
1248,138.0,1330.0,-26.444444444444443,1296.0
1249,138.0,1320.0,-25.434343434343432,1296.0
1250,138.0,1349.0,-28.36363636363637,1296.0
1251,139.0,1337.0,-27.15151515151516,1296.0
1252,139.0,1401.0,-33.61616161616162,1296.0
1253,139.0,1318.0,-25.23232323232323,1296.0
1254,139.0,1363.0,-29.777777777777786,1296.0
1255,139.0,1320.0,-25.434343434343436,1296.0
1256,139.0,1320.0,-25.43434343434344,1296.0
1257,139.0,1320.0,-25.43434343434343,1296.0
1258,139.0,1371.0,-30.58585858585859,1296.0
1259,139.0,1320.0,-25.434343434343436,1296.0
1260,140.0,1354.0,-28.868686868686872,1296.0
1261,140.0,1393.0,-32.8080808080808,1296.0
1262,140.0,1335.0,-26.949494949494962,1296.0
1263,140.0,1320.0,-25.434343434343432,1296.0
1264,140.0,1353.0,-28.767676767676765,1296.0
1265,140.0,1401.0,-33.616161616161634,1296.0
1266,140.0,1357.0,-29.171717171717177,1296.0
1267,140.0,1296.0,-23.010101010101007,1296.0
1268,140.0,1388.0,-32.30303030303031,1296.0
1269,141.0,1477.0,-41.29292929292929,1296.0
1270,141.0,1320.0,-25.43434343434343,1296.0
1271,141.0,1346.0,-28.060606060606055,1296.0
1272,141.0,1417.0,-35.23232323232325,1296.0
1273,141.0,1296.0,-23.010101010101014,1296.0
1274,141.0,1308.0,-24.22222222222222,1296.0
1275,141.0,1298.0,-23.21212121212121,1296.0
1276,141.0,1296.0,-23.010101010101007,1296.0
1277,141.0,1351.0,-28.56565656565657,1296.0
1278,142.0,1440.0,-37.55555555555558,1296.0
1279,142.0,1323.0,-25.737373737373744,1296.0
1280,142.0,1398.0,-33.31313131313132,1296.0
1281,142.0,1320.0,-25.43434343434344,1296.0
1282,142.0,1402.0,-33.71717171717171,1296.0
1283,142.0,1317.0,-25.13131313131315,1296.0
1284,142.0,1320.0,-25.434343434343447,1296.0
1285,142.0,1380.0,-31.4949494949495,1296.0
1286,142.0,1298.0,-23.21212121212121,1296.0
1287,143.0,1298.0,-23.212121212121207,1296.0
1288,143.0,1297.0,-23.111111111111107,1296.0
1289,143.0,1341.0,-27.555555555555543,1296.0
1290,143.0,1356.0,-29.070707070707073,1296.0
1291,143.0,1414.0,-34.929292929292934,1296.0
1292,143.0,1296.0,-23.01010101010101,1296.0
1293,143.0,1298.0,-23.21212121212121,1296.0
1294,143.0,1320.0,-25.434343434343432,1296.0
1295,143.0,1330.0,-26.444444444444443,1296.0
1296,144.0,1386.0,-32.101010101010104,1296.0
1297,144.0,1407.0,-34.22222222222222,1296.0
1298,144.0,1296.0,-23.01010101010101,1296.0
1299,144.0,1320.0,-25.434343434343436,1296.0
1300,144.0,1356.0,-29.07070707070708,1296.0
1301,144.0,1314.0,-24.828282828282827,1296.0
1302,144.0,1367.0,-30.18181818181818,1296.0
1303,144.0,1330.0,-26.44444444444445,1296.0
1304,144.0,1464.0,-39.979797979798,1296.0
1305,145.0,1331.0,-26.54545454545455,1296.0
1306,145.0,1298.0,-23.21212121212121,1296.0
1307,145.0,1402.0,-33.71717171717171,1296.0
1308,145.0,1405.0,-34.02020202020202,1296.0
1309,145.0,1328.0,-26.242424242424246,1296.0
1310,145.0,1344.0,-27.85858585858586,1296.0
1311,145.0,1330.0,-26.444444444444443,1296.0
1312,145.0,1296.0,-23.01010101010101,1296.0
1313,145.0,1413.0,-34.82828282828283,1296.0
1314,146.0,1350.0,-28.464646464646464,1296.0
1315,146.0,1308.0,-24.222222222222225,1296.0
1316,146.0,1363.0,-29.777777777777786,1296.0
1317,146.0,1330.0,-26.444444444444443,1296.0
1318,146.0,1298.0,-23.212121212121207,1296.0
1319,146.0,1308.0,-24.222222222222225,1296.0
1320,146.0,1500.0,-43.61616161616163,1296.0
1321,146.0,1296.0,-23.010101010101014,1296.0
1322,146.0,1406.0,-34.121212121212125,1296.0
1323,147.0,1351.0,-28.56565656565656,1296.0
1324,147.0,1298.0,-23.212121212121215,1296.0
1325,147.0,1320.0,-25.434343434343447,1296.0
1326,147.0,1320.0,-25.434343434343447,1296.0
1327,147.0,1298.0,-23.212121212121215,1296.0
1328,147.0,1357.0,-29.171717171717177,1296.0
1329,147.0,1320.0,-25.43434343434343,1296.0
1330,147.0,1296.0,-23.010101010101017,1296.0
1331,147.0,1296.0,-23.010101010101003,1296.0
1332,148.0,1308.0,-24.222222222222225,1296.0
1333,148.0,1316.0,-25.03030303030303,1296.0
1334,148.0,1296.0,-23.01010101010101,1296.0
1335,148.0,1451.0,-38.666666666666664,1296.0
1336,148.0,1335.0,-26.94949494949496,1296.0
1337,148.0,1317.0,-25.131313131313142,1296.0
1338,148.0,1298.0,-23.212121212121207,1296.0
1339,148.0,1296.0,-23.010101010101007,1296.0
1340,148.0,1298.0,-23.212121212121207,1296.0
1341,149.0,1342.0,-27.65656565656566,1296.0
1342,149.0,1367.0,-30.181818181818187,1296.0
1343,149.0,1320.0,-25.43434343434343,1296.0
1344,149.0,1331.0,-26.545454545454554,1296.0
1345,149.0,1427.0,-36.242424242424256,1296.0
1346,149.0,1447.0,-38.26262626262627,1296.0
1347,149.0,1296.0,-23.01010101010101,1296.0
1348,149.0,1308.0,-24.222222222222225,1296.0
1349,149.0,1335.0,-26.949494949494948,1296.0
1350,150.0,1297.0,-23.11111111111113,1296.0
1351,150.0,1389.0,-32.4040404040404,1296.0
1352,150.0,1431.0,-36.646464646464636,1296.0
1353,150.0,1296.0,-23.010101010101017,1296.0
1354,150.0,1356.0,-29.070707070707076,1296.0
1355,150.0,1296.0,-23.01010101010101,1296.0
1356,150.0,1370.0,-30.484848484848484,1296.0
1357,150.0,1341.0,-27.55555555555555,1296.0
1358,150.0,1396.0,-33.1111111111111,1296.0
1359,151.0,1296.0,-23.01010101010101,1296.0
1360,151.0,1336.0,-27.05050505050506,1296.0
1361,151.0,1418.0,-35.333333333333336,1296.0
1362,151.0,1320.0,-25.434343434343443,1296.0
1363,151.0,1309.0,-24.32323232323232,1296.0
1364,151.0,1349.0,-28.363636363636367,1296.0
1365,151.0,1296.0,-23.010101010101014,1296.0
1366,151.0,1432.0,-36.74747474747474,1296.0
1367,151.0,1296.0,-23.010101010101014,1296.0
1368,152.0,1316.0,-25.03030303030303,1296.0
1369,152.0,1296.0,-23.010101010101007,1296.0
1370,152.0,1320.0,-25.43434343434344,1296.0
1371,152.0,1325.0,-25.93939393939395,1296.0
1372,152.0,1296.0,-23.010101010101014,1296.0
1373,152.0,1296.0,-23.01010101010101,1296.0
1374,152.0,1420.0,-35.53535353535354,1296.0
1375,152.0,1296.0,-23.010101010101025,1296.0
1376,152.0,1296.0,-23.01010101010101,1296.0
1377,153.0,1296.0,-23.01010101010101,1296.0
1378,153.0,1296.0,-23.010101010101007,1296.0
1379,153.0,1322.0,-25.63636363636364,1296.0
1380,153.0,1366.0,-30.080808080808076,1296.0
1381,153.0,1296.0,-23.010101010101014,1296.0
1382,153.0,1296.0,-23.01010101010101,1296.0
1383,153.0,1296.0,-23.01010101010101,1296.0
1384,153.0,1330.0,-26.44444444444445,1296.0
1385,153.0,1339.0,-27.353535353535364,1296.0
1386,154.0,1319.0,-25.333333333333343,1296.0
1387,154.0,1325.0,-25.939393939393938,1296.0
1388,154.0,1325.0,-25.939393939393938,1296.0
1389,154.0,1296.0,-23.010101010101007,1296.0
1390,154.0,1296.0,-23.010101010101017,1296.0
1391,154.0,1330.0,-26.444444444444436,1296.0
1392,154.0,1296.0,-23.010101010101017,1296.0
1393,154.0,1296.0,-23.010101010101007,1296.0
1394,154.0,1372.0,-30.686868686868685,1296.0
1395,155.0,1304.0,-23.818181818181817,1296.0
1396,155.0,1428.0,-36.343434343434346,1296.0
1397,155.0,1320.0,-25.43434343434343,1296.0
1398,155.0,1317.0,-25.131313131313142,1296.0
1399,155.0,1296.0,-23.01010101010101,1296.0
1400,155.0,1351.0,-28.56565656565657,1296.0
1401,155.0,1320.0,-25.434343434343432,1296.0
1402,155.0,1317.0,-25.13131313131313,1296.0
1403,155.0,1296.0,-23.010101010101017,1296.0
1404,156.0,1302.0,-23.616161616161623,1296.0
1405,156.0,1308.0,-24.222222222222232,1296.0
1406,156.0,1285.0,-21.8989898989899,1285.0
1407,156.0,1434.0,-36.94949494949496,1285.0
1408,156.0,1341.0,-27.55555555555556,1285.0
1409,156.0,1320.0,-25.43434343434343,1285.0
1410,156.0,1298.0,-23.21212121212121,1285.0
1411,156.0,1373.0,-30.78787878787879,1285.0
1412,156.0,1393.0,-32.8080808080808,1285.0
1413,157.0,1339.0,-27.35353535353534,1285.0
1414,157.0,1372.0,-30.686868686868685,1285.0
1415,157.0,1304.0,-23.818181818181827,1285.0
1416,157.0,1285.0,-21.89898989898991,1285.0
1417,157.0,1340.0,-27.454545454545464,1285.0
1418,157.0,1420.0,-35.535353535353536,1285.0
1419,157.0,1331.0,-26.545454545454554,1285.0
1420,157.0,1296.0,-23.010101010101017,1285.0
1421,157.0,1320.0,-25.434343434343432,1285.0
1422,158.0,1349.0,-28.363636363636367,1285.0
1423,158.0,1415.0,-35.03030303030303,1285.0
1424,158.0,1349.0,-28.36363636363636,1285.0
1425,158.0,1330.0,-26.444444444444443,1285.0
1426,158.0,1298.0,-23.21212121212122,1285.0
1427,158.0,1320.0,-25.434343434343436,1285.0
1428,158.0,1343.0,-27.75757575757576,1285.0
1429,158.0,1304.0,-23.81818181818182,1285.0
1430,158.0,1331.0,-26.545454545454547,1285.0
1431,159.0,1416.0,-35.13131313131314,1285.0
1432,159.0,1320.0,-25.43434343434344,1285.0
1433,159.0,1304.0,-23.818181818181827,1285.0
1434,159.0,1363.0,-29.77777777777778,1285.0
1435,159.0,1335.0,-26.94949494949495,1285.0
1436,159.0,1296.0,-23.010101010101014,1285.0
1437,159.0,1389.0,-32.40404040404041,1285.0
1438,159.0,1351.0,-28.56565656565657,1285.0
1439,159.0,1378.0,-31.2929292929293,1285.0
1440,160.0,1490.0,-42.60606060606062,1285.0
1441,160.0,1320.0,-25.43434343434344,1285.0
1442,160.0,1356.0,-29.07070707070708,1285.0
1443,160.0,1340.0,-27.45454545454546,1285.0
1444,160.0,1345.0,-27.95959595959596,1285.0
1445,160.0,1320.0,-25.43434343434344,1285.0
1446,160.0,1304.0,-23.81818181818182,1285.0
1447,160.0,1356.0,-29.070707070707066,1285.0
1448,160.0,1308.0,-24.22222222222223,1285.0
1449,161.0,1357.0,-29.171717171717177,1285.0
1450,161.0,1326.0,-26.040404040404045,1285.0
1451,161.0,1319.0,-25.333333333333336,1285.0
1452,161.0,1420.0,-35.53535353535354,1285.0
1453,161.0,1329.0,-26.343434343434346,1285.0
1454,161.0,1308.0,-24.222222222222225,1285.0
1455,161.0,1296.0,-23.010101010101017,1285.0
1456,161.0,1296.0,-23.010101010101017,1285.0
1457,161.0,1304.0,-23.818181818181824,1285.0
1458,162.0,1394.0,-32.909090909090914,1285.0
1459,162.0,1370.0,-30.484848484848484,1285.0
1460,162.0,1341.0,-27.555555555555554,1285.0
1461,162.0,1353.0,-28.767676767676768,1285.0
1462,162.0,1329.0,-26.34343434343435,1285.0
1463,162.0,1303.0,-23.717171717171713,1285.0
1464,162.0,1357.0,-29.171717171717173,1285.0
1465,162.0,1298.0,-23.212121212121215,1285.0
1466,162.0,1343.0,-27.757575757575758,1285.0
1467,163.0,1311.0,-24.525252525252526,1285.0
1468,163.0,1540.0,-47.656565656565654,1285.0
1469,163.0,1304.0,-23.81818181818181,1285.0
1470,163.0,1330.0,-26.44444444444445,1285.0
1471,163.0,1304.0,-23.818181818181827,1285.0
1472,163.0,1320.0,-25.43434343434344,1285.0
1473,163.0,1374.0,-30.888888888888893,1285.0
1474,163.0,1296.0,-23.010101010101014,1285.0
1475,163.0,1344.0,-27.85858585858586,1285.0
1476,164.0,1399.0,-33.41414141414142,1285.0
1477,164.0,1354.0,-28.868686868686886,1285.0
1478,164.0,1363.0,-29.777777777777786,1285.0
1479,164.0,1330.0,-26.44444444444445,1285.0
1480,164.0,1372.0,-30.686868686868696,1285.0
1481,164.0,1341.0,-27.555555555555554,1285.0
1482,164.0,1381.0,-31.5959595959596,1285.0
1483,164.0,1325.0,-25.939393939393952,1285.0
1484,164.0,1339.0,-27.353535353535356,1285.0
1485,165.0,1350.0,-28.464646464646457,1285.0
1486,165.0,1343.0,-27.757575757575765,1285.0
1487,165.0,1343.0,-27.75757575757575,1285.0
1488,165.0,1386.0,-32.10101010101009,1285.0
1489,165.0,1350.0,-28.464646464646467,1285.0
1490,165.0,1320.0,-25.434343434343436,1285.0
1491,165.0,1307.0,-24.121212121212125,1285.0
1492,165.0,1329.0,-26.34343434343435,1285.0
1493,165.0,1398.0,-33.313131313131315,1285.0
1494,166.0,1296.0,-23.010101010101017,1285.0
1495,166.0,1403.0,-33.81818181818182,1285.0
1496,166.0,1388.0,-32.30303030303031,1285.0
1497,166.0,1296.0,-23.010101010101014,1285.0
1498,166.0,1327.0,-26.141414141414153,1285.0
1499,166.0,1340.0,-27.45454545454546,1285.0
1500,166.0,1304.0,-23.81818181818182,1285.0
1501,166.0,1329.0,-26.343434343434343,1285.0
1502,166.0,1409.0,-34.42424242424242,1285.0
1503,167.0,1326.0,-26.040404040404038,1285.0
1504,167.0,1304.0,-23.818181818181824,1285.0
1505,167.0,1307.0,-24.121212121212125,1285.0
1506,167.0,1341.0,-27.55555555555555,1285.0
1507,167.0,1365.0,-29.97979797979799,1285.0
1508,167.0,1301.0,-23.515151515151516,1285.0
1509,167.0,1330.0,-26.444444444444443,1285.0
1510,167.0,1304.0,-23.818181818181817,1285.0
1511,167.0,1308.0,-24.222222222222214,1285.0
1512,168.0,1296.0,-23.01010101010101,1285.0
1513,168.0,1394.0,-32.909090909090914,1285.0
1514,168.0,1303.0,-23.717171717171723,1285.0
1515,168.0,1330.0,-26.444444444444457,1285.0
1516,168.0,1321.0,-25.535353535353533,1285.0
1517,168.0,1372.0,-30.686868686868692,1285.0
1518,168.0,1329.0,-26.343434343434343,1285.0
1519,168.0,1349.0,-28.36363636363638,1285.0
1520,168.0,1288.0,-22.202020202020194,1285.0
1521,169.0,1366.0,-30.08080808080808,1285.0
1522,169.0,1298.0,-23.21212121212121,1285.0
1523,169.0,1325.0,-25.93939393939395,1285.0
1524,169.0,1436.0,-37.15151515151514,1285.0
1525,169.0,1350.0,-28.464646464646478,1285.0
1526,169.0,1382.0,-31.6969696969697,1285.0
1527,169.0,1330.0,-26.44444444444444,1285.0
1528,169.0,1330.0,-26.444444444444443,1285.0
1529,169.0,1382.0,-31.696969696969695,1285.0
1530,170.0,1320.0,-25.434343434343436,1285.0
1531,170.0,1302.0,-23.616161616161612,1285.0
1532,170.0,1353.0,-28.767676767676768,1285.0
1533,170.0,1415.0,-35.03030303030303,1285.0
1534,170.0,1304.0,-23.818181818181813,1285.0
1535,170.0,1325.0,-25.939393939393952,1285.0
1536,170.0,1303.0,-23.717171717171723,1285.0
1537,170.0,1320.0,-25.434343434343443,1285.0
1538,170.0,1296.0,-23.010101010101017,1285.0
1539,171.0,1335.0,-26.949494949494948,1285.0
1540,171.0,1382.0,-31.6969696969697,1285.0
1541,171.0,1385.0,-32.0,1285.0
1542,171.0,1332.0,-26.64646464646465,1285.0
1543,171.0,1320.0,-25.43434343434344,1285.0
1544,171.0,1296.0,-23.010101010101007,1285.0
1545,171.0,1296.0,-23.01010101010101,1285.0
1546,171.0,1320.0,-25.43434343434344,1285.0
1547,171.0,1320.0,-25.434343434343443,1285.0
1548,172.0,1335.0,-26.949494949494966,1285.0
1549,172.0,1424.0,-35.93939393939395,1285.0
1550,172.0,1408.0,-34.32323232323234,1285.0
1551,172.0,1415.0,-35.03030303030303,1285.0
1552,172.0,1332.0,-26.646464646464654,1285.0
1553,172.0,1385.0,-32.0,1285.0
1554,172.0,1356.0,-29.070707070707066,1285.0
1555,172.0,1330.0,-26.444444444444443,1285.0
1556,172.0,1314.0,-24.828282828282827,1285.0
1557,173.0,1433.0,-36.84848484848485,1285.0
1558,173.0,1325.0,-25.939393939393945,1285.0
1559,173.0,1357.0,-29.171717171717184,1285.0
1560,173.0,1338.0,-27.252525252525245,1285.0
1561,173.0,1308.0,-24.222222222222225,1285.0
1562,173.0,1408.0,-34.32323232323232,1285.0
1563,173.0,1388.0,-32.303030303030305,1285.0
1564,173.0,1386.0,-32.10101010101011,1285.0
1565,173.0,1350.0,-28.464646464646474,1285.0
1566,174.0,1298.0,-23.212121212121215,1285.0
1567,174.0,1322.0,-25.63636363636364,1285.0
1568,174.0,1330.0,-26.444444444444454,1285.0
1569,174.0,1296.0,-23.010101010101017,1285.0
1570,174.0,1418.0,-35.33333333333335,1285.0
1571,174.0,1396.0,-33.11111111111112,1285.0
1572,174.0,1320.0,-25.434343434343432,1285.0
1573,174.0,1345.0,-27.95959595959596,1285.0
1574,174.0,1287.0,-22.101010101010107,1285.0
1575,175.0,1414.0,-34.929292929292934,1285.0
1576,175.0,1314.0,-24.82828282828283,1285.0
1577,175.0,1320.0,-25.434343434343436,1285.0
1578,175.0,1298.0,-23.21212121212121,1285.0
1579,175.0,1414.0,-34.92929292929292,1285.0
1580,175.0,1340.0,-27.45454545454546,1285.0
1581,175.0,1363.0,-29.777777777777786,1285.0
1582,175.0,1341.0,-27.555555555555564,1285.0
1583,175.0,1391.0,-32.60606060606061,1285.0
1584,176.0,1298.0,-23.21212121212122,1285.0
1585,176.0,1362.0,-29.676767676767682,1285.0
1586,176.0,1351.0,-28.56565656565657,1285.0
1587,176.0,1409.0,-34.42424242424243,1285.0
1588,176.0,1463.0,-39.87878787878788,1285.0
1589,176.0,1358.0,-29.27272727272728,1285.0
1590,176.0,1296.0,-23.010101010101014,1285.0
1591,176.0,1340.0,-27.45454545454546,1285.0
1592,176.0,1328.0,-26.242424242424256,1285.0
1593,177.0,1298.0,-23.21212121212121,1285.0
1594,177.0,1298.0,-23.21212121212122,1285.0
1595,177.0,1328.0,-26.242424242424246,1285.0
1596,177.0,1304.0,-23.818181818181824,1285.0
1597,177.0,1298.0,-23.212121212121218,1285.0
1598,177.0,1360.0,-29.474747474747467,1285.0
1599,177.0,1351.0,-28.56565656565657,1285.0
1600,177.0,1371.0,-30.585858585858592,1285.0
1601,177.0,1317.0,-25.131313131313128,1285.0
1602,178.0,1354.0,-28.868686868686865,1285.0
1603,178.0,1346.0,-28.060606060606062,1285.0
1604,178.0,1296.0,-23.010101010101014,1285.0
1605,178.0,1361.0,-29.575757575757578,1285.0
1606,178.0,1298.0,-23.21212121212121,1285.0
1607,178.0,1311.0,-24.525252525252537,1285.0
1608,178.0,1296.0,-23.010101010101014,1285.0
1609,178.0,1314.0,-24.82828282828285,1285.0
1610,178.0,1349.0,-28.363636363636374,1285.0
1611,179.0,1320.0,-25.434343434343432,1285.0
1612,179.0,1296.0,-23.010101010101014,1285.0
1613,179.0,1296.0,-23.01010101010102,1285.0
1614,179.0,1298.0,-23.21212121212122,1285.0
1615,179.0,1296.0,-23.01010101010101,1285.0
1616,179.0,1372.0,-30.686868686868692,1285.0
1617,179.0,1316.0,-25.030303030303035,1285.0
1618,179.0,1308.0,-24.22222222222223,1285.0
1619,179.0,1298.0,-23.212121212121215,1285.0
1620,180.0,1351.0,-28.565656565656568,1285.0
1621,180.0,1362.0,-29.676767676767682,1285.0
1622,180.0,1406.0,-34.12121212121213,1285.0
1623,180.0,1423.0,-35.838383838383834,1285.0
1624,180.0,1352.0,-28.66666666666667,1285.0
1625,180.0,1356.0,-29.070707070707066,1285.0
1626,180.0,1398.0,-33.313131313131336,1285.0
1627,180.0,1370.0,-30.484848484848495,1285.0
1628,180.0,1422.0,-35.73737373737374,1285.0
1629,181.0,1365.0,-29.979797979797986,1285.0
1630,181.0,1350.0,-28.464646464646467,1285.0
1631,181.0,1341.0,-27.555555555555554,1285.0
1632,181.0,1296.0,-23.01010101010102,1285.0
1633,181.0,1344.0,-27.858585858585858,1285.0
1634,181.0,1353.0,-28.767676767676768,1285.0
1635,181.0,1404.0,-33.91919191919192,1285.0
1636,181.0,1362.0,-29.676767676767696,1285.0
1637,181.0,1296.0,-23.01010101010101,1285.0
